Cours préparatoire	Les nombres entiers	Comparer et dénombrer des collections en les organisant.
Cours préparatoire	Les nombres entiers	Construire des collections de cardinal donné.
Cours préparatoire	Les nombres entiers	Connaitre la suite écrite et la suite orale des nombres jusqu’à cent.
Cours préparatoire	Les nombres entiers	Connaitre et utiliser diverses représentations d’un nombre et passer de l’une à l’autre.
Cours préparatoire	Les nombres entiers	Connaitre la valeur des chiffres en fonction de leur position (unités, dizaines).
Cours préparatoire	Les nombres entiers	Comparer, encadrer, intercaler des nombres entiers en utilisant les symboles =, < et >.
Cours préparatoire	Les nombres entiers	Ordonner des nombres dans l’ordre croissant ou décroissant.
Cours préparatoire	Les nombres entiers	Savoir placer des nombres sur une demi-droite graduée de un en un.
Cours préparatoire	Les nombres entiers	Connaitre les nombres ordinaux jusqu’à
Cours préparatoire	Les nombres entiers	Comprendre et utiliser les nombres ordinaux.
Cours préparatoire	Les nombres entiers	Repérer un rang ou une position dans une file orientée ou dans une liste d’objets ou de personnes.
Cours préparatoire	Les nombres entiers	Faire le lien entre le rang d’un objet dans une liste et le nombre d’éléments qui le précèdent.
Cours préparatoire	Les nombres entiers	Utiliser les nombres ordinaux dans le cadre de l’étude de suites de symboles, de formes, de lettres ou de nombres.
Cours préparatoire	Les quatre opérations	Comprendre le sens de l’addition et de la soustraction.
Cours préparatoire	Les quatre opérations	Comprendre et utiliser les symboles « + », « - » et « = ».
Cours préparatoire	Les quatre opérations	Poser et effectuer des additions en colonnes.
Cours préparatoire	Les quatre opérations	Comprendre le sens de la multiplication.
Cours préparatoire	Mémoriser des faits numériques	Connaitre dans les deux sens les tables d’addition.
Cours préparatoire	Mémoriser des faits numériques	Connaitre les doubles et les moitiés de nombres usuels.
Cours préparatoire	L’élève sait donner oralement ou par écrit :	Ajouter ou soustraire 1 ou 2 à un nombre.
Cours préparatoire	Par exemple : 17 - 2 = ?	Ajouter ou soustraire 10 à un nombre.
Cours préparatoire	Par exemple : 37 - 10 = ?	Ajouter ou soustraire 20, 30,
Cours préparatoire	Apprendre des procédures de calcul mental	Trouver le complément d’un nombre à la dizaine supérieure.
Cours préparatoire	Apprendre des procédures de calcul mental	Ajouter un nombre inférieur à 9 à un nombre.
Cours préparatoire	Apprendre des procédures de calcul mental	Ajouter 9 à un nombre.
Cours préparatoire	Apprendre des procédures de calcul mental	Ajouter deux nombres inférieurs à 100.
Cours préparatoire	Exemple : 47 + 28 = ?	Déterminer la moitié d’un nombre pair.
Cours préparatoire	Exemple : 47 + 28 = ?	Soustraire un nombre inférieur à 10 à un nombre entier de dizaines.
Cours préparatoire	Monde réel	Résoudre des problèmes additifs en une étape du type parties-tout.
Cours préparatoire	Monde réel	Résoudre des problèmes additifs en deux étapes
Cours préparatoire	Monde réel	Résoudre des problèmes multiplicatifs en une étape
Cours élémentaire première année	Les nombres entiers	Dénombrer des collections en les organisant.
Cours élémentaire première année	Les nombres entiers	Construire des collections de cardinal donné.
Cours élémentaire première année	Les nombres entiers	Connaitre et utiliser la relation entre unités et
Cours élémentaire première année	Les nombres entiers	Connaitre la suite écrite et la suite orale des nombres jusqu’à mille.
Cours élémentaire première année	Les nombres entiers	Connaitre et utiliser diverses représentations d’un nombre et passer de l’une à l’autre.
Cours élémentaire première année	Les nombres entiers	Connaitre la valeur des chiffres en fonction de leur position dans un nombre.
Cours élémentaire première année	Les nombres entiers	Comparer, encadrer, intercaler des nombres entiers en utilisant les symboles (=, <, >).
Cours élémentaire première année	Les nombres entiers	Ordonner des nombres dans l’ordre croissant ou décroissant.
Cours élémentaire première année	Les nombres entiers	Comprendre et savoir utiliser les expressions « égal à »,
Cours élémentaire première année	Les nombres entiers	Savoir placer des nombres sur une demi-droite graduée.
Cours élémentaire première année	Les nombres entiers	Connaitre les nombres ordinaux jusqu’à cent.
Cours élémentaire première année	Les nombres entiers	Comprendre et utiliser les nombres ordinaux.
Cours élémentaire première année	Les nombres entiers	Repérer un rang ou une position dans une file orientée ou dans une liste d’objets ou de personnes.
Cours élémentaire première année	Les nombres entiers	Faire le lien entre le rang d’un objet dans une liste et le nombre d’éléments qui le précèdent.
Cours élémentaire première année	Les nombres entiers	Utiliser les nombres ordinaux dans le cadre de suite de symboles, de lettres ou de nombres.
Cours élémentaire première année	Les fractions	Savoir interpréter, représenter, écrire et lire les fractions
Cours élémentaire première année	L’élève sait identifier les figures représentant la fraction	Savoir interpréter, représenter, écrire et lire des fractions inférieures ou égales à 1.
Cours élémentaire première année	L’élève sait expliquer pourquoi	Connaitre et utiliser les mots
Cours élémentaire première année	L’élève sait expliquer pourquoi	Comparer des fractions ayant le même dénominateur.
Cours élémentaire première année	L’élève sait expliquer pourquoi	Comparer des fractions dont le numérateur est 1.
Cours élémentaire première année	L’élève sait dire et expliquer pourquoi	Additionner et soustraire des fractions de même dénominateur.
Cours élémentaire première année	Les quatre opérations	Poser et effectuer des additions et des soustractions en colonnes.
Cours élémentaire première année	Les quatre opérations	Comprendre et utiliser le symbole « × ».
Cours élémentaire première année	Les quatre opérations	Comprendre et savoir que la multiplication est commutative.
Cours élémentaire première année	Les quatre opérations	Connaitre la notion de parité d’un nombre.
Cours élémentaire première année	Mémoriser des faits numériques	Connaitre dans les deux sens les tables d’addition.
Cours élémentaire première année	Mémoriser des faits numériques	Connaitre dans les deux sens les tables de multiplication.
Cours élémentaire première année	Mémoriser des faits numériques	Connaitre des faits multiplicatifs usuels.
Cours élémentaire première année	L’élève sait donner oralement et par écrit :	Ajouter ou soustraire un nombre entier de dizaines à un nombre. Ajouter ou soustraire un nombre entier de centaines à un nombre.
Cours élémentaire première année	L’élève sait donner oralement et par écrit :	Multiplier par 10 un nombre inférieur à 100.
Cours élémentaire première année	Apprendre des procédures de calcul mental	Ajouter 9, 19 ou 29 à un nombre.
Cours élémentaire première année	Apprendre des procédures de calcul mental	Soustraire 9 à un nombre.
Cours élémentaire première année	Apprendre des procédures de calcul mental	Soustraire un nombre inférieur à 9 à un nombre.
Cours élémentaire première année	Apprendre des procédures de calcul mental	Déterminer la moitié d’un nombre pair.
Cours élémentaire première année	Apprendre des procédures de calcul mental	Calculer le produit d’un nombre compris entre 11 et
Cours élémentaire première année	Monde réel	Résoudre des problèmes additifs en une étape de type parties-tout.
Cours élémentaire première année	Combien Lucie a-t-elle dépensé ?	Résoudre des problèmes additifs de comparaison en une étape.
Cours élémentaire première année	Combien Lucie a-t-elle dépensé ?	56 images distribuées
Cours élémentaire première année	Lucie	Résoudre des problèmes additifs en deux étapes.
Cours élémentaire première année	Lucie	Résoudre des problèmes multiplicatifs en une étape.
Cours élémentaire première année	Lucie	Résoudre des problèmes mixtes en deux étapes (une étape additive et une étape multiplicative).
Cours élémentaire deuxième année	Les nombres entiers	Dénombrer des collections.
Cours élémentaire deuxième année	Les nombres entiers	Construire des collections de cardinal donné.
Cours élémentaire deuxième année	Les nombres entiers	Connaitre et utiliser les relations entre les unités de numération.
Cours élémentaire deuxième année	Les nombres entiers	Connaitre la suite écrite et la suite orale des nombres jusqu’à dix-mille.
Cours élémentaire deuxième année	Les nombres entiers	Connaitre et utiliser diverses représentations d’un nombre et passer de l’une à l’autre.
Cours élémentaire deuxième année	Les nombres entiers	Connaitre la valeur des chiffres en fonction de leur position dans un nombre.
Cours élémentaire deuxième année	Les nombres entiers	Comparer, encadrer, intercaler des nombres entiers en utilisant les symboles (=, <, >).
Cours élémentaire deuxième année	Les nombres entiers	Ordonner des nombres dans l’ordre croissant ou décroissant.
Cours élémentaire deuxième année	Les nombres entiers	Comprendre et savoir utiliser les expressions « égal à »,
Cours élémentaire deuxième année	Les nombres entiers	Savoir placer des nombres sur une demi-droite graduée.
Cours élémentaire deuxième année	Les fractions	Savoir établir des égalités de fractions inférieures ou égales à 1.
Cours élémentaire deuxième année	L’élève sait déterminer le numérateur manquant dans l’égalité	Partager une unité de longueur en fractions d’unité et mesurer des longueurs non entières par rapport à cette unité.
Cours élémentaire deuxième année	L’élève sait déterminer le numérateur manquant dans l’égalité	Comparer des fractions inférieures à 1.
Cours élémentaire deuxième année	L’élève sait déterminer le numérateur manquant dans l’égalité	Additionner et soustraire des fractions.
Cours élémentaire deuxième année	Les quatre opérations	Comprendre et utiliser les mots « terme », « somme » et
Cours élémentaire deuxième année	Les quatre opérations	Poser et effectuer des additions et des soustractions en colonnes.
Cours élémentaire deuxième année	Les quatre opérations	Comprendre et utiliser les mots « facteur », « produit » et « multiple ».
Cours élémentaire deuxième année	Les quatre opérations	Comprendre le sens de la division et utiliser le symbole
Cours élémentaire deuxième année	Les quatre opérations	Poser et effectuer des multiplications d’un nombre à deux ou trois chiffres par un nombre à un ou deux chiffres.
Cours élémentaire deuxième année	Mémoriser des faits numériques	Connaitre dans les deux sens les tables d’addition.
Cours élémentaire deuxième année	Mémoriser des faits numériques	Connaitre dans les deux sens les tables de multiplication.
Cours élémentaire deuxième année	Mémoriser des faits numériques	Connaitre des faits multiplicatifs usuels.
Cours élémentaire deuxième année	L’élève sait donner oralement et par écrit :	Multiplier un nombre entier par 10 ou 100.
Cours élémentaire deuxième année	Apprendre des procédures de calcul mental	Ajouter 8, 9, 18, 19, 28, 29, 38 ou 39 à un nombre.
Cours élémentaire deuxième année	Apprendre des procédures de calcul mental	Soustraire 9, 19, 29 ou 39 à un nombre.
Cours élémentaire deuxième année	Apprendre des procédures de calcul mental	Multiplier un nombre entier par 4 ou par 8.
Cours élémentaire deuxième année	Apprendre des procédures de calcul mental	Multiplier un nombre inférieur à 10 par un nombre entier de dizaines.
Cours élémentaire deuxième année	Apprendre des procédures de calcul mental	Calculer le produit d’un nombre compris entre 11 et
Cours élémentaire deuxième année	Monde réel	Résoudre des problèmes additifs en une étape de types parties-tout et comparaison.
Cours élémentaire deuxième année	Les élèves résolvent notamment :	Résoudre des problèmes additifs en deux étapes.
Cours élémentaire deuxième année	Les élèves résolvent notamment :	Résoudre des problèmes multiplicatifs en une étape.
Cours élémentaire deuxième année	Lucie	Résoudre des problèmes mixtes en deux ou trois étapes.
Cours élémentaire deuxième année	Lucie	Résoudre des problèmes de comparaison multiplicative en une étape.
Cours élémentaire deuxième année	Lucie	Résoudre des problèmes mettant en jeu des produits cartésiens.
Cours préparatoire	Les longueurs	Utiliser le lexique spécifique associé aux longueurs.
Cours préparatoire	Les longueurs	Comparer des objets selon leur longueur.
Cours préparatoire	Les longueurs	Comparer des segments selon leur longueur.
Cours préparatoire	Les longueurs	Savoir mesurer la longueur d’un segment en utilisant une règle graduée.
Cours préparatoire	Les longueurs	Connaitre et utiliser les unités mètre et centimètre et
Cours préparatoire	Les longueurs	Connaitre quelques longueurs de référence.
Cours préparatoire	Les longueurs	Savoir qu’un mètre est égal à cent centimètres.
Cours préparatoire	Les masses	Utiliser le lexique associé aux masses.
Cours préparatoire	Les masses	Comparer des objets selon leur masse.
Cours préparatoire	La monnaie	Utiliser le lexique spécifique lié à la monnaie.
Cours préparatoire	La monnaie	Comparer les valeurs de deux ensembles constitués de pièces de monnaie ou de deux ensembles constitués de pièces et de billets.
Cours préparatoire	La monnaie	Déterminer la valeur en euro d’un ensemble constitué de pièces et de billets.
Cours préparatoire	La monnaie	Constituer une somme d’argent donnée avec des pièces et des billets.
Cours préparatoire	La monnaie	Simuler des achats en manipulant des pièces et des billets fictifs. Rendre la monnaie.
Cours préparatoire	Le repérage dans le temps	Lire sur une horloge à aiguilles une heure donnée en heures entières.
Cours préparatoire	Le repérage dans le temps	Positionner les aiguilles d’une horloge correspondant à une heure donnée (uniquement des heures entières inférieures ou égales à douze).
Cours préparatoire	Le repérage dans le temps	Associer une heure à un moment de la journée.
Cours élémentaire première année	Les longueurs	Connaitre et utiliser les unités mètre, centimètre, kilomètre et les symboles associés (m, cm et km).
Cours élémentaire première année	Les longueurs	Choisir l’unité la mieux adaptée pour exprimer une longueur.
Cours élémentaire première année	Les longueurs	Connaitre les relations entre les unités de longueur usuelles.
Cours élémentaire première année	Les longueurs	Savoir mesurer la longueur d’un segment en utilisant une règle graduée.
Cours élémentaire première année	Les longueurs	Comparer des longueurs.
Cours élémentaire première année	Les longueurs	Connaitre quelques longueurs de référence.
Cours élémentaire première année	Les longueurs	Estimer la longueur d’un objet du quotidien.
Cours élémentaire première année	Les masses	Savoir identifier l’objet le plus léger (ou le plus lourd) parmi deux ou trois objets de volumes proches en les soupesant ou en utilisant une balance pour les peser.
Cours élémentaire première année	Les masses	Connaitre et utiliser les unités gramme et kilogramme et les symboles associés (g, kg).
Cours élémentaire première année	Les masses	Savoir que 1 kg est égal à
Cours élémentaire première année	Les masses	Comparer des masses.
Cours élémentaire première année	Les masses	Disposer de quelques masses de référence. Estimer la masse d’objets du quotidien en gramme ou en kilogramme.
Cours élémentaire première année	La monnaie	Connaitre le lien entre les euros et les centimes.
Cours élémentaire première année	La monnaie	Comparer les valeurs en euro de deux ensembles constitués de pièces et de billets.
Cours élémentaire première année	La monnaie	Déterminer la valeur en euro et centime d’euro d’un ensemble constitué de pièces et de billets.
Cours élémentaire première année	La monnaie	Constituer avec des euros et des centimes d’euro une somme d’argent d’une valeur donnée.
Cours élémentaire première année	La monnaie	Simuler des achats en manipulant des pièces et des billets fictifs. Rendre la monnaie.
Cours élémentaire première année	La monnaie	Connaitre le sens de l’écriture à virgule d’une somme d’argent.
Cours élémentaire première année	Le repérage dans le temps et les durées	Lire l’heure sur une horloge à aiguilles (lorsque l’heure est donnée en heures entières, en heures et demi-heure ou en heures et quarts d’heure).
Cours élémentaire première année	Le repérage dans le temps et les durées	Positionner les aiguilles d’une horloge correspondant à une heure donnée en heures entières, en heures et demi- heure ou en heures et quart d’heure.
Cours élémentaire première année	Le repérage dans le temps et les durées	Connaitre, utiliser et distinguer les heures du matin et celles de l’après-midi.
Cours élémentaire première année	Le repérage dans le temps et les durées	Connaitre les unités de mesure de durée, heure et minute, et les symboles associés (h et min).
Cours élémentaire première année	Le repérage dans le temps et les durées	Comparer et mesurer des durées écoulées entre deux instants affichés sur une horloge (pour des intervalles de temps situés dans une même journée, avec des heures données en heures entières, en heures et demi- heure ou en heures et quarts
Cours élémentaire deuxième année	Les longueurs	Connaitre et utiliser les unités mètre, décimètre, centimètre, millimètre, kilomètre et les symboles associés (m, dm, cm, mm, km).
Cours élémentaire deuxième année	Les longueurs	Connaitre les relations entre les unités de longueur.
Cours élémentaire deuxième année	Les longueurs	Choisir l’unité la mieux adaptée pour exprimer une longueur.
Cours élémentaire deuxième année	Les longueurs	Comparer des longueurs.
Cours élémentaire deuxième année	Les longueurs	Tracer un segment de longueur donnée.
Cours élémentaire deuxième année	Les longueurs	Disposer de quelques longueurs de référence.
Cours élémentaire deuxième année	Les longueurs	Estimer la longueur d’un objet ou une distance.
Cours élémentaire deuxième année	Les longueurs	Savoir ce qu’est le périmètre d’une figure plane.
Cours élémentaire deuxième année	Les longueurs	Comparer le périmètre de plusieurs polygones sans règle graduée, en utilisant un compas.
Cours élémentaire deuxième année	Les longueurs	Déterminer le périmètre d’un polygone en utilisant une règle graduée.
Cours élémentaire deuxième année	Les masses	Connaitre et utiliser les unités gramme, kilogramme et tonne et les symboles associés (g, kg, t).
Cours élémentaire deuxième année	Les masses	Choisir l’unité la mieux adaptée pour exprimer une masse.
Cours élémentaire deuxième année	Les masses	Connaitre les relations entre les unités de masse usuelles.
Cours élémentaire deuxième année	Les masses	Comparer des masses.
Cours élémentaire deuxième année	Les masses	Disposer de quelques masses de référence.
Cours élémentaire deuxième année	Les masses	Estimer la masse d’un objet.
Cours élémentaire deuxième année	Les contenances	Comparer les contenances de différents objets.
Cours élémentaire deuxième année	Les contenances	Connaitre et utiliser les unités litre, décilitre et centilitre et les symboles associés (L, dL et cL).
Cours élémentaire deuxième année	Les contenances	Savoir que 1 L est égal à 10 dL et également à 100 cL.
Cours élémentaire deuxième année	La monnaie	Simuler des achats en manipulant des pièces et des billets fictifs. Rendre la monnaie.
Cours élémentaire deuxième année	La monnaie	Poser et effectuer des additions de montants en euro.
Cours élémentaire deuxième année	La monnaie	Poser et effectuer des soustractions de montants en euro.
Cours élémentaire deuxième année	Le repérage dans le temps et les durées	Lire l’heure sur une horloge à aiguilles.
Cours élémentaire deuxième année	Le repérage dans le temps et les durées	Positionner les aiguilles d’une horloge correspondant à une heure donnée en heures entières ou en heures et minutes.
Cours élémentaire deuxième année	Le repérage dans le temps et les durées	Comparer et mesurer des durées écoulées entre deux instants affichés sur une horloge (pour des intervalles de temps situés dans une même journée).
Cours élémentaire deuxième année	Le repérage dans le temps et les durées	Résoudre des problèmes à une ou deux étapes impliquant des durées.
Cours préparatoire	Les solides	Reconnaitre les solides usuels suivants : cube, boule, cône, cylindre, pavé.
Cours préparatoire	Les solides	Nommer un cube, un pavé et une boule.
Cours préparatoire	Les solides	Décrire un cube ou un pavé en utilisant le terme « face ».
Cours préparatoire	Connaitre le nombre et la	Construire des cubes et des pavés.
Cours préparatoire	La géométrie plane	Reconnaitre des formes planes (disque, carré, rectangle et triangle) dans un assemblage et dans son environnement proche.
Cours préparatoire	La géométrie plane	Nommer le disque, le carré, le rectangle et le triangle.
Cours préparatoire	La géométrie plane	Donner une première description du carré, du rectangle, du triangle en utilisant les termes
Cours préparatoire	La géométrie plane	Repérer visuellement des alignements.
Cours préparatoire	La géométrie plane	Utiliser la règle pour repérer ou vérifier des alignements.
Cours préparatoire	La géométrie plane	Utiliser la règle comme instrument de tracé.
Cours préparatoire	La géométrie plane	Construire un carré, un rectangle, un triangle ou un assemblage de ces figures sur du papier quadrillé ou pointé.
Cours préparatoire	Le repérage dans l’espace	Connaitre et utiliser le vocabulaire lié aux positions relatives.
Cours préparatoire	Le repérage dans l’espace	Situer des personnes ou des objets les uns par rapport aux autres ou par rapport à d’autres repères dans la classe.
Cours préparatoire	Le repérage dans l’espace	Construire et utiliser des représentations de la classe pour localiser, mémoriser et communiquer un emplacement.
Cours préparatoire	L’élève comprend et utilise le vocabulaire suivant :	Construire et reproduire des assemblages de solides à partir d’un modèle en trois dimensions ou de représentations planes.
Cours préparatoire	L’élève comprend et utilise le vocabulaire suivant :	Se déplacer et décrire des déplacements dans la classe en s’orientant et en utilisant des repères.
Cours préparatoire	L’élève comprend et utilise le vocabulaire suivant :	Construire et utiliser un plan de la classe pour communiquer un déplacement.
Cours préparatoire	L’élève comprend et utilise le vocabulaire suivant :	Utiliser et produire une suite d’instructions qui codent un déplacement en utilisant un vocabulaire spatial précis.
Cours élémentaire première année	Les solides	Reconnaitre les solides usuels suivants : cube, boule, cône, pyramide, cylindre, pavé.
Cours élémentaire première année	Les solides	Nommer un cube, une boule, un pavé, un cône ou une pyramide.
Cours élémentaire première année	Les solides	Décrire un cube, un pavé ou une pyramide en utilisant les termes « face », « sommet » et « arête ».
Cours élémentaire première année	Les solides	Connaitre le nombre et la nature des faces d’un cube ou d’un pavé.
Cours élémentaire première année	Les solides	Construire un cube, un pavé droit ou une pyramide.
Cours élémentaire première année	La géométrie plane	Utiliser le vocabulaire géométrique approprié.
Cours élémentaire première année	La géométrie plane	Reconnaitre, nommer et décrire un cercle, un carré, un rectangle, un triangle, un triangle rectangle en utilisant le vocabulaire approprié.
Cours élémentaire première année	La géométrie plane	Connaitre les propriétés des angles et des égalités de longueur pour les carrés et les rectangles.
Cours élémentaire première année	La géométrie plane	Reproduire ou construire un carré, un rectangle, un triangle, un triangle rectangle et un cercle ou un assemblage de ces figures.
Cours élémentaire première année	La géométrie plane	Utiliser la règle pour vérifier des alignements et l’équerre pour vérifier qu’un angle est droit.
Cours élémentaire première année	La géométrie plane	Utiliser la règle graduée, l’équerre et le compas comme instruments de tracé.
Cours élémentaire première année	La géométrie plane	Connaitre et utiliser le code pour les angles droits.
Cours élémentaire première année	Le repérage dans l’espace	Connaitre et utiliser le vocabulaire lié aux positions relatives.
Cours élémentaire première année	Le repérage dans l’espace	Situer des personnes ou des objets les uns par rapport
Cours élémentaire première année	L’élève comprend et utilise le vocabulaire suivant :	Construire et utiliser des représentations d’un espace familier pour localiser, mémoriser ou communiquer un emplacement.
Cours élémentaire première année	L’élève comprend et utilise le vocabulaire suivant :	Construire des assemblages de cubes et de pavés.
Cours élémentaire première année	L’élève comprend et utilise le vocabulaire suivant :	Comprendre, utiliser et produire une suite d’instructions qui codent un déplacement en utilisant un vocabulaire spatial précis.
Cours élémentaire deuxième année	Les solides	Nommer un cube, une boule, un pavé, un cône, une pyramide ou un cylindre.
Cours élémentaire deuxième année	Les solides	Décrire un cube, un pavé ou une pyramide en utilisant les termes « face », « sommet » et « arête ».
Cours élémentaire deuxième année	Les solides	Connaitre le nombre et la nature des faces d’un cube ou d’un pavé.
Cours élémentaire deuxième année	Les solides	Connaitre la nature des faces d’une pyramide.
Cours élémentaire deuxième année	Les solides	Construire un cube, un pavé ou une pyramide.
Cours élémentaire deuxième année	Les solides	Construire un cube à partir d’un patron.
Cours élémentaire deuxième année	La géométrie plane	Utiliser le vocabulaire géométrique approprié.
Cours élémentaire deuxième année	La géométrie plane	Reconnaitre, nommer et décrire le carré, le rectangle, le triangle, le triangle rectangle et le losange.
Cours élémentaire deuxième année	La géométrie plane	Connaitre les propriétés des angles et les égalités de longueur pour les carrés, les rectangles et les losanges.
Cours élémentaire deuxième année	La géométrie plane	Reproduire ou construire un carré, un rectangle, un triangle, un triangle rectangle et un cercle ou des assemblages de ces figures sur tout support (papier quadrillé ou pointé ou papier uni), avec une règle graduée, une équerre ou un compas.
Cours élémentaire deuxième année	La géométrie plane	Connaitre et utiliser le codage d’un angle droit et celui qui indique que des segments ont la même longueur.
Cours élémentaire deuxième année	La géométrie plane	Reconnaitre si une figure possède un ou plusieurs axes de symétrie en utilisant des pliages ou du papier calque.
Cours élémentaire deuxième année	La géométrie plane	Compléter, sur une feuille quadrillée ou pointée, une figure simple pour la rendre symétrique par rapport à un axe donné.
Cours préparatoire	Cours préparatoire	Collecter des données et présenter ces données sous forme d’un tableau ou d’un diagramme en barres.
Cours préparatoire	Kiwi	Construire et compléter un tableau à double entrée.
Cours élémentaire première année	Cours élémentaire première année	Produire un tableau ou un diagramme en barres pour présenter des données recueillies.
Cours élémentaire première année	Cours élémentaire première année	Lire et interpréter les données d’un diagramme en barres. Lire et interpréter les données d’un tableau à double entrée.